<?xml version="1.0" encoding="UTF-8"?>
<project-private xmlns="http://www.netbeans.org/ns/project-private/1">
    <editor-bookmarks xmlns="http://www.netbeans.org/ns/editor-bookmarks/2" lastBookmarkId="0"/>
    <open-files xmlns="http://www.netbeans.org/ns/projectui-open-files/2">
        <group>
            <file>file:/C:/xampp/htdocs/easten/products.php</file>
            <file>file:/C:/xampp/htdocs/easten/footer.php</file>
            <file>file:/C:/xampp/htdocs/easten/goods-elevators.php</file>
            <file>file:/C:/xampp/htdocs/easten/auto-door.php</file>
            <file>file:/C:/xampp/htdocs/easten/index.php</file>
            <file>file:/C:/xampp/htdocs/easten/hydraulic-elevators.php</file>
            <file>file:/C:/xampp/htdocs/easten/hospital.php</file>
            <file>file:/C:/xampp/htdocs/easten/home-banglow-elevator.php</file>
            <file>file:/C:/xampp/htdocs/easten/capsule-lelvators.php</file>
        </group>
    </open-files>
</project-private>
